sa2_5digitcode_2011,sa2_name_2011,sa3_name_2011,sa4_name_2011,gccsa_name_2011
21001,Alfredton,Ballarat,Ballarat,Rest of Vic.
21002,Ballarat,Ballarat,Ballarat,Rest of Vic.
21003,Ballarat - North,Ballarat,Ballarat,Rest of Vic.
21004,Ballarat - South,Ballarat,Ballarat,Rest of Vic.
21005,Buninyong,Ballarat,Ballarat,Rest of Vic.
21006,Delacombe,Ballarat,Ballarat,Rest of Vic.
21007,Smythes Creek,Ballarat,Ballarat,Rest of Vic.
21008,Wendouree - Miners Rest,Ballarat,Ballarat,Rest of Vic.
21009,Bacchus Marsh Region,Creswick - Daylesford - Ballan,Ballarat,Rest of Vic.
21010,Creswick - Clunes,Creswick - Daylesford - Ballan,Ballarat,Rest of Vic.
21011,Daylesford,Creswick - Daylesford - Ballan,Ballarat,Rest of Vic.
21012,Gordon (Vic.),Creswick - Daylesford - Ballan,Ballarat,Rest of Vic.
21013,Avoca,Maryborough - Pyrenees,Ballarat,Rest of Vic.
21014,Beaufort,Maryborough - Pyrenees,Ballarat,Rest of Vic.
21015,Golden Plains - North,Maryborough - Pyrenees,Ballarat,Rest of Vic.
21016,Maryborough (Vic.),Maryborough - Pyrenees,Ballarat,Rest of Vic.
21017,Maryborough Region,Maryborough - Pyrenees,Ballarat,Rest of Vic.
21018,Bendigo,Bendigo,Bendigo,Rest of Vic.
21019,California Gully - Eaglehawk,Bendigo,Bendigo,Rest of Vic.
21020,East Bendigo - Kennington,Bendigo,Bendigo,Rest of Vic.
21021,Flora Hill - Spring Gully,Bendigo,Bendigo,Rest of Vic.
21022,Kangaroo Flat - Golden Square,Bendigo,Bendigo,Rest of Vic.
21023,Maiden Gully,Bendigo,Bendigo,Rest of Vic.
21024,Strathfieldsaye,Bendigo,Bendigo,Rest of Vic.
21025,White Hills - Ascot,Bendigo,Bendigo,Rest of Vic.
21026,Bendigo Region - South,Heathcote - Castlemaine - Kyneton,Bendigo,Rest of Vic.
21027,Castlemaine,Heathcote - Castlemaine - Kyneton,Bendigo,Rest of Vic.
21028,Castlemaine Region,Heathcote - Castlemaine - Kyneton,Bendigo,Rest of Vic.
21029,Heathcote,Heathcote - Castlemaine - Kyneton,Bendigo,Rest of Vic.
21030,Kyneton,Heathcote - Castlemaine - Kyneton,Bendigo,Rest of Vic.
21031,Woodend,Heathcote - Castlemaine - Kyneton,Bendigo,Rest of Vic.
21032,Bendigo Region - North,Loddon - Elmore,Bendigo,Rest of Vic.
21033,Loddon,Loddon - Elmore,Bendigo,Rest of Vic.
21034,Bannockburn,Barwon - West,Geelong,Rest of Vic.
21035,Golden Plains - South,Barwon - West,Geelong,Rest of Vic.
21036,Winchelsea,Barwon - West,Geelong,Rest of Vic.
21037,Belmont,Geelong,Geelong,Rest of Vic.
21038,Corio - Norlane,Geelong,Geelong,Rest of Vic.
21039,Geelong,Geelong,Geelong,Rest of Vic.
21040,Geelong West - Hamlyn Heights,Geelong,Geelong,Rest of Vic.
21041,Grovedale,Geelong,Geelong,Rest of Vic.
21042,Highton,Geelong,Geelong,Rest of Vic.
21043,Lara,Geelong,Geelong,Rest of Vic.
21044,Leopold,Geelong,Geelong,Rest of Vic.
21045,Newcomb - Moolap,Geelong,Geelong,Rest of Vic.
21046,Newtown (Vic.),Geelong,Geelong,Rest of Vic.
21047,North Geelong - Bell Park,Geelong,Geelong,Rest of Vic.
21048,Clifton Springs,Surf Coast - Bellarine Peninsula,Geelong,Rest of Vic.
21049,Lorne - Anglesea,Surf Coast - Bellarine Peninsula,Geelong,Rest of Vic.
21050,Ocean Grove - Barwon Heads,Surf Coast - Bellarine Peninsula,Geelong,Rest of Vic.
21051,Portarlington,Surf Coast - Bellarine Peninsula,Geelong,Rest of Vic.
21052,Queenscliff,Surf Coast - Bellarine Peninsula,Geelong,Rest of Vic.
21053,Torquay,Surf Coast - Bellarine Peninsula,Geelong,Rest of Vic.
21054,Alexandra,Upper Goulburn Valley,Hume,Rest of Vic.
21055,Euroa,Upper Goulburn Valley,Hume,Rest of Vic.
21056,Kilmore - Broadford,Upper Goulburn Valley,Hume,Rest of Vic.
21057,Mansfield (Vic.),Upper Goulburn Valley,Hume,Rest of Vic.
21058,Nagambie,Upper Goulburn Valley,Hume,Rest of Vic.
21059,Seymour,Upper Goulburn Valley,Hume,Rest of Vic.
21060,Seymour Region,Upper Goulburn Valley,Hume,Rest of Vic.
21061,Upper Yarra Valley,Upper Goulburn Valley,Hume,Rest of Vic.
21062,Yea,Upper Goulburn Valley,Hume,Rest of Vic.
21063,Benalla,Wangaratta - Benalla,Hume,Rest of Vic.
21064,Benalla Region,Wangaratta - Benalla,Hume,Rest of Vic.
21065,Rutherglen,Wangaratta - Benalla,Hume,Rest of Vic.
21066,Wangaratta,Wangaratta - Benalla,Hume,Rest of Vic.
21067,Wangaratta Region,Wangaratta - Benalla,Hume,Rest of Vic.
21068,Beechworth,Wodonga - Alpine,Hume,Rest of Vic.
21069,Bright - Mount Beauty,Wodonga - Alpine,Hume,Rest of Vic.
21070,Chiltern - Indigo Valley,Wodonga - Alpine,Hume,Rest of Vic.
21071,Myrtleford,Wodonga - Alpine,Hume,Rest of Vic.
21072,Towong,Wodonga - Alpine,Hume,Rest of Vic.
21073,West Wodonga,Wodonga - Alpine,Hume,Rest of Vic.
21074,Wodonga,Wodonga - Alpine,Hume,Rest of Vic.
21075,Yackandandah,Wodonga - Alpine,Hume,Rest of Vic.
21076,Drouin,Baw Baw,Latrobe - Gippsland,Rest of Vic.
21077,Mount Baw Baw Region,Baw Baw,Latrobe - Gippsland,Rest of Vic.
21078,Trafalgar (Vic.),Baw Baw,Latrobe - Gippsland,Rest of Vic.
21079,Warragul,Baw Baw,Latrobe - Gippsland,Rest of Vic.
21080,Alps - East,Gippsland - East,Latrobe - Gippsland,Rest of Vic.
21081,Bairnsdale,Gippsland - East,Latrobe - Gippsland,Rest of Vic.
21082,Bruthen - Omeo,Gippsland - East,Latrobe - Gippsland,Rest of Vic.
21083,Lake King,Gippsland - East,Latrobe - Gippsland,Rest of Vic.
21084,Lakes Entrance,Gippsland - East,Latrobe - Gippsland,Rest of Vic.
21085,Orbost,Gippsland - East,Latrobe - Gippsland,Rest of Vic.
21086,Paynesville,Gippsland - East,Latrobe - Gippsland,Rest of Vic.
21087,Foster,Gippsland - South West,Latrobe - Gippsland,Rest of Vic.
21088,French Island,Gippsland - South West,Latrobe - Gippsland,Rest of Vic.
21089,Korumburra,Gippsland - South West,Latrobe - Gippsland,Rest of Vic.
21090,Leongatha,Gippsland - South West,Latrobe - Gippsland,Rest of Vic.
21091,Phillip Island,Gippsland - South West,Latrobe - Gippsland,Rest of Vic.
21092,Wilsons Promontory,Gippsland - South West,Latrobe - Gippsland,Rest of Vic.
21093,Wonthaggi - Inverloch,Gippsland - South West,Latrobe - Gippsland,Rest of Vic.
21094,Churchill,Latrobe Valley,Latrobe - Gippsland,Rest of Vic.
21095,Moe - Newborough,Latrobe Valley,Latrobe - Gippsland,Rest of Vic.
21096,Morwell,Latrobe Valley,Latrobe - Gippsland,Rest of Vic.
21097,Traralgon,Latrobe Valley,Latrobe - Gippsland,Rest of Vic.
21098,Yallourn North - Glengarry,Latrobe Valley,Latrobe - Gippsland,Rest of Vic.
21099,Alps - West,Wellington,Latrobe - Gippsland,Rest of Vic.
21100,Longford - Loch Sport,Wellington,Latrobe - Gippsland,Rest of Vic.
21101,Maffra,Wellington,Latrobe - Gippsland,Rest of Vic.
21102,Rosedale,Wellington,Latrobe - Gippsland,Rest of Vic.
21103,Sale,Wellington,Latrobe - Gippsland,Rest of Vic.
21104,Yarram,Wellington,Latrobe - Gippsland,Rest of Vic.
21105,Brunswick,Brunswick - Coburg,Melbourne - Inner,Greater Melbourne
21106,Brunswick East,Brunswick - Coburg,Melbourne - Inner,Greater Melbourne
21107,Brunswick West,Brunswick - Coburg,Melbourne - Inner,Greater Melbourne
21108,Coburg,Brunswick - Coburg,Melbourne - Inner,Greater Melbourne
21109,Pascoe Vale South,Brunswick - Coburg,Melbourne - Inner,Greater Melbourne
21110,Alphington - Fairfield,Darebin - South,Melbourne - Inner,Greater Melbourne
21111,Northcote,Darebin - South,Melbourne - Inner,Greater Melbourne
21112,Thornbury,Darebin - South,Melbourne - Inner,Greater Melbourne
21113,Ascot Vale,Essendon,Melbourne - Inner,Greater Melbourne
21114,Essendon - Aberfeldie,Essendon,Melbourne - Inner,Greater Melbourne
21115,Flemington,Essendon,Melbourne - Inner,Greater Melbourne
21116,Moonee Ponds,Essendon,Melbourne - Inner,Greater Melbourne
21117,Carlton,Melbourne City,Melbourne - Inner,Greater Melbourne
21118,Docklands,Melbourne City,Melbourne - Inner,Greater Melbourne
21119,East Melbourne,Melbourne City,Melbourne - Inner,Greater Melbourne
21120,Flemington Racecourse,Melbourne City,Melbourne - Inner,Greater Melbourne
21121,Kensington,Melbourne City,Melbourne - Inner,Greater Melbourne
21122,Melbourne,Melbourne City,Melbourne - Inner,Greater Melbourne
21123,North Melbourne,Melbourne City,Melbourne - Inner,Greater Melbourne
21124,Parkville,Melbourne City,Melbourne - Inner,Greater Melbourne
21125,South Yarra - West,Melbourne City,Melbourne - Inner,Greater Melbourne
21126,Southbank,Melbourne City,Melbourne - Inner,Greater Melbourne
21127,West Melbourne,Melbourne City,Melbourne - Inner,Greater Melbourne
21128,Albert Park,Port Phillip,Melbourne - Inner,Greater Melbourne
21129,Elwood,Port Phillip,Melbourne - Inner,Greater Melbourne
21130,Port Melbourne,Port Phillip,Melbourne - Inner,Greater Melbourne
21131,Port Melbourne Industrial,Port Phillip,Melbourne - Inner,Greater Melbourne
21132,South Melbourne,Port Phillip,Melbourne - Inner,Greater Melbourne
21133,St Kilda,Port Phillip,Melbourne - Inner,Greater Melbourne
21134,St Kilda East,Port Phillip,Melbourne - Inner,Greater Melbourne
21135,Armadale,Stonnington - West,Melbourne - Inner,Greater Melbourne
21136,Prahran - Windsor,Stonnington - West,Melbourne - Inner,Greater Melbourne
21137,South Yarra - East,Stonnington - West,Melbourne - Inner,Greater Melbourne
21138,Toorak,Stonnington - West,Melbourne - Inner,Greater Melbourne
21139,Abbotsford,Yarra,Melbourne - Inner,Greater Melbourne
21140,Carlton North - Princes Hill,Yarra,Melbourne - Inner,Greater Melbourne
21141,Collingwood,Yarra,Melbourne - Inner,Greater Melbourne
21142,Fitzroy,Yarra,Melbourne - Inner,Greater Melbourne
21143,Fitzroy North,Yarra,Melbourne - Inner,Greater Melbourne
21144,Richmond (Vic.),Yarra,Melbourne - Inner,Greater Melbourne
21145,Yarra - North,Yarra,Melbourne - Inner,Greater Melbourne
21146,Ashburton (Vic.),Boroondara,Melbourne - Inner East,Greater Melbourne
21147,Balwyn,Boroondara,Melbourne - Inner East,Greater Melbourne
21148,Balwyn North,Boroondara,Melbourne - Inner East,Greater Melbourne
21149,Camberwell,Boroondara,Melbourne - Inner East,Greater Melbourne
21150,Glen Iris - East,Boroondara,Melbourne - Inner East,Greater Melbourne
21151,Hawthorn,Boroondara,Melbourne - Inner East,Greater Melbourne
21152,Hawthorn East,Boroondara,Melbourne - Inner East,Greater Melbourne
21153,Kew,Boroondara,Melbourne - Inner East,Greater Melbourne
21154,Kew East,Boroondara,Melbourne - Inner East,Greater Melbourne
21155,Surrey Hills (West) - Canterbury,Boroondara,Melbourne - Inner East,Greater Melbourne
21156,Bulleen,Manningham - West,Melbourne - Inner East,Greater Melbourne
21157,Doncaster,Manningham - West,Melbourne - Inner East,Greater Melbourne
21158,Doncaster East,Manningham - West,Melbourne - Inner East,Greater Melbourne
21159,Templestowe,Manningham - West,Melbourne - Inner East,Greater Melbourne
21160,Templestowe Lower,Manningham - West,Melbourne - Inner East,Greater Melbourne
21161,Blackburn,Whitehorse - West,Melbourne - Inner East,Greater Melbourne
21162,Blackburn South,Whitehorse - West,Melbourne - Inner East,Greater Melbourne
21163,Box Hill,Whitehorse - West,Melbourne - Inner East,Greater Melbourne
21164,Box Hill North,Whitehorse - West,Melbourne - Inner East,Greater Melbourne
21165,Burwood,Whitehorse - West,Melbourne - Inner East,Greater Melbourne
21166,Burwood East,Whitehorse - West,Melbourne - Inner East,Greater Melbourne
21167,Surrey Hills (East) - Mont Albert,Whitehorse - West,Melbourne - Inner East,Greater Melbourne
21168,Beaumaris,Bayside,Melbourne - Inner South,Greater Melbourne
21169,Brighton (Vic.),Bayside,Melbourne - Inner South,Greater Melbourne
21170,Brighton East,Bayside,Melbourne - Inner South,Greater Melbourne
21171,Cheltenham - Highett (West),Bayside,Melbourne - Inner South,Greater Melbourne
21172,Hampton,Bayside,Melbourne - Inner South,Greater Melbourne
21173,Sandringham - Black Rock,Bayside,Melbourne - Inner South,Greater Melbourne
21174,Bentleigh - McKinnon,Glen Eira,Melbourne - Inner South,Greater Melbourne
21175,Bentleigh East,Glen Eira,Melbourne - Inner South,Greater Melbourne
21176,Carnegie,Glen Eira,Melbourne - Inner South,Greater Melbourne
21177,Caulfield - North,Glen Eira,Melbourne - Inner South,Greater Melbourne
21178,Caulfield - South,Glen Eira,Melbourne - Inner South,Greater Melbourne
21179,Elsternwick,Glen Eira,Melbourne - Inner South,Greater Melbourne
21180,Hughesdale,Glen Eira,Melbourne - Inner South,Greater Melbourne
21181,Murrumbeena,Glen Eira,Melbourne - Inner South,Greater Melbourne
21182,Ormond - Glen Huntly,Glen Eira,Melbourne - Inner South,Greater Melbourne
21183,Aspendale Gardens - Waterways,Kingston,Melbourne - Inner South,Greater Melbourne
21184,Braeside,Kingston,Melbourne - Inner South,Greater Melbourne
21185,Carrum - Patterson Lakes,Kingston,Melbourne - Inner South,Greater Melbourne
21186,Chelsea - Bonbeach,Kingston,Melbourne - Inner South,Greater Melbourne
21187,Chelsea Heights,Kingston,Melbourne - Inner South,Greater Melbourne
21188,Cheltenham - Highett (East),Kingston,Melbourne - Inner South,Greater Melbourne
21189,Edithvale - Aspendale,Kingston,Melbourne - Inner South,Greater Melbourne
21190,Mentone,Kingston,Melbourne - Inner South,Greater Melbourne
21191,Moorabbin - Heatherton,Kingston,Melbourne - Inner South,Greater Melbourne
21192,Moorabbin Airport,Kingston,Melbourne - Inner South,Greater Melbourne
21193,Mordialloc - Parkdale,Kingston,Melbourne - Inner South,Greater Melbourne
21194,Malvern - Glen Iris,Stonnington - East,Melbourne - Inner South,Greater Melbourne
21195,Malvern East,Stonnington - East,Melbourne - Inner South,Greater Melbourne
21196,Bundoora - East,Banyule,Melbourne - North East,Greater Melbourne
21197,Greensborough,Banyule,Melbourne - North East,Greater Melbourne
21198,Heidelberg - Rosanna,Banyule,Melbourne - North East,Greater Melbourne
21199,Heidelberg West,Banyule,Melbourne - North East,Greater Melbourne
21200,Ivanhoe,Banyule,Melbourne - North East,Greater Melbourne
21201,Ivanhoe East - Eaglemont,Banyule,Melbourne - North East,Greater Melbourne
21202,Montmorency - Briar Hill,Banyule,Melbourne - North East,Greater Melbourne
21203,Viewbank - Yallambie,Banyule,Melbourne - North East,Greater Melbourne
21204,Watsonia,Banyule,Melbourne - North East,Greater Melbourne
21205,Kingsbury,Darebin - North,Melbourne - North East,Greater Melbourne
21206,Preston,Darebin - North,Melbourne - North East,Greater Melbourne
21207,Reservoir - East,Darebin - North,Melbourne - North East,Greater Melbourne
21208,Reservoir - West,Darebin - North,Melbourne - North East,Greater Melbourne
21209,Eltham,Nillumbik - Kinglake,Melbourne - North East,Greater Melbourne
21210,Hurstbridge,Nillumbik - Kinglake,Melbourne - North East,Greater Melbourne
21211,Kinglake,Nillumbik - Kinglake,Melbourne - North East,Greater Melbourne
21212,Panton Hill - St Andrews,Nillumbik - Kinglake,Melbourne - North East,Greater Melbourne
21213,Plenty - Yarrambat,Nillumbik - Kinglake,Melbourne - North East,Greater Melbourne
21214,Research - North Warrandyte,Nillumbik - Kinglake,Melbourne - North East,Greater Melbourne
21215,Wattle Glen - Diamond Creek,Nillumbik - Kinglake,Melbourne - North East,Greater Melbourne
21216,Bundoora - North,Whittlesea - Wallan,Melbourne - North East,Greater Melbourne
21217,Bundoora - West,Whittlesea - Wallan,Melbourne - North East,Greater Melbourne
21218,Epping,Whittlesea - Wallan,Melbourne - North East,Greater Melbourne
21219,Lalor,Whittlesea - Wallan,Melbourne - North East,Greater Melbourne
21220,Mill Park - North,Whittlesea - Wallan,Melbourne - North East,Greater Melbourne
21221,Mill Park - South,Whittlesea - Wallan,Melbourne - North East,Greater Melbourne
21222,South Morang,Whittlesea - Wallan,Melbourne - North East,Greater Melbourne
21223,Thomastown,Whittlesea - Wallan,Melbourne - North East,Greater Melbourne
21224,Wallan,Whittlesea - Wallan,Melbourne - North East,Greater Melbourne
21225,Whittlesea,Whittlesea - Wallan,Melbourne - North East,Greater Melbourne
21226,Airport West,Keilor,Melbourne - North West,Greater Melbourne
21227,Essendon Airport,Keilor,Melbourne - North West,Greater Melbourne
21228,Keilor,Keilor,Melbourne - North West,Greater Melbourne
21229,Keilor East,Keilor,Melbourne - North West,Greater Melbourne
21230,Niddrie - Essendon West,Keilor,Melbourne - North West,Greater Melbourne
21231,Strathmore,Keilor,Melbourne - North West,Greater Melbourne
21232,Gisborne,Macedon Ranges,Melbourne - North West,Greater Melbourne
21233,Macedon,Macedon Ranges,Melbourne - North West,Greater Melbourne
21234,Riddells Creek,Macedon Ranges,Melbourne - North West,Greater Melbourne
21235,Romsey,Macedon Ranges,Melbourne - North West,Greater Melbourne
21236,Coburg North,Moreland - North,Melbourne - North West,Greater Melbourne
21237,Fawkner,Moreland - North,Melbourne - North West,Greater Melbourne
21238,Glenroy - Hadfield,Moreland - North,Melbourne - North West,Greater Melbourne
21239,Pascoe Vale,Moreland - North,Melbourne - North West,Greater Melbourne
21240,Sunbury,Sunbury,Melbourne - North West,Greater Melbourne
21241,Sunbury - South,Sunbury,Melbourne - North West,Greater Melbourne
21242,Broadmeadows,Tullamarine - Broadmeadows,Melbourne - North West,Greater Melbourne
21243,Campbellfield - Coolaroo,Tullamarine - Broadmeadows,Melbourne - North West,Greater Melbourne
21244,Craigieburn - Mickleham,Tullamarine - Broadmeadows,Melbourne - North West,Greater Melbourne
21245,Gladstone Park - Westmeadows,Tullamarine - Broadmeadows,Melbourne - North West,Greater Melbourne
21246,Greenvale - Bulla,Tullamarine - Broadmeadows,Melbourne - North West,Greater Melbourne
21247,Meadow Heights,Tullamarine - Broadmeadows,Melbourne - North West,Greater Melbourne
21248,Melbourne Airport,Tullamarine - Broadmeadows,Melbourne - North West,Greater Melbourne
21249,Roxburgh Park - Somerton,Tullamarine - Broadmeadows,Melbourne - North West,Greater Melbourne
21250,Tullamarine,Tullamarine - Broadmeadows,Melbourne - North West,Greater Melbourne
21251,Bayswater,Knox,Melbourne - Outer East,Greater Melbourne
21252,Boronia - The Basin,Knox,Melbourne - Outer East,Greater Melbourne
21253,Ferntree Gully,Knox,Melbourne - Outer East,Greater Melbourne
21254,Knoxfield - Scoresby,Knox,Melbourne - Outer East,Greater Melbourne
21255,Lysterfield,Knox,Melbourne - Outer East,Greater Melbourne
21256,Rowville - Central,Knox,Melbourne - Outer East,Greater Melbourne
21257,Rowville - North,Knox,Melbourne - Outer East,Greater Melbourne
21258,Rowville - South,Knox,Melbourne - Outer East,Greater Melbourne
21259,Wantirna,Knox,Melbourne - Outer East,Greater Melbourne
21260,Wantirna South,Knox,Melbourne - Outer East,Greater Melbourne
21261,Donvale - Park Orchards,Manningham - East,Melbourne - Outer East,Greater Melbourne
21262,Warrandyte - Wonga Park,Manningham - East,Melbourne - Outer East,Greater Melbourne
21263,Bayswater North,Maroondah,Melbourne - Outer East,Greater Melbourne
21264,Croydon,Maroondah,Melbourne - Outer East,Greater Melbourne
21265,Croydon Hills - Warranwood,Maroondah,Melbourne - Outer East,Greater Melbourne
21266,Ringwood,Maroondah,Melbourne - Outer East,Greater Melbourne
21267,Ringwood East,Maroondah,Melbourne - Outer East,Greater Melbourne
21268,Ringwood North,Maroondah,Melbourne - Outer East,Greater Melbourne
21269,Forest Hill,Whitehorse - East,Melbourne - Outer East,Greater Melbourne
21270,Mitcham (Vic.),Whitehorse - East,Melbourne - Outer East,Greater Melbourne
21271,Nunawading,Whitehorse - East,Melbourne - Outer East,Greater Melbourne
21272,Vermont,Whitehorse - East,Melbourne - Outer East,Greater Melbourne
21273,Vermont South,Whitehorse - East,Melbourne - Outer East,Greater Melbourne
21274,Belgrave - Selby,Yarra Ranges,Melbourne - Outer East,Greater Melbourne
21275,Chirnside Park,Yarra Ranges,Melbourne - Outer East,Greater Melbourne
21276,Healesville - Yarra Glen,Yarra Ranges,Melbourne - Outer East,Greater Melbourne
21277,Kilsyth,Yarra Ranges,Melbourne - Outer East,Greater Melbourne
21278,Lilydale - Coldstream,Yarra Ranges,Melbourne - Outer East,Greater Melbourne
21279,Monbulk - Silvan,Yarra Ranges,Melbourne - Outer East,Greater Melbourne
21280,Montrose,Yarra Ranges,Melbourne - Outer East,Greater Melbourne
21281,Mooroolbark,Yarra Ranges,Melbourne - Outer East,Greater Melbourne
21282,Mount Dandenong - Olinda,Yarra Ranges,Melbourne - Outer East,Greater Melbourne
21283,Mount Evelyn,Yarra Ranges,Melbourne - Outer East,Greater Melbourne
21284,Upwey - Tecoma,Yarra Ranges,Melbourne - Outer East,Greater Melbourne
21285,Wandin - Seville,Yarra Ranges,Melbourne - Outer East,Greater Melbourne
21286,Yarra Valley,Yarra Ranges,Melbourne - Outer East,Greater Melbourne
21287,Beaconsfield - Officer,Cardinia,Melbourne - South East,Greater Melbourne
21288,Bunyip - Garfield,Cardinia,Melbourne - South East,Greater Melbourne
21289,Emerald - Cockatoo,Cardinia,Melbourne - South East,Greater Melbourne
21290,Koo Wee Rup,Cardinia,Melbourne - South East,Greater Melbourne
21291,Pakenham - North,Cardinia,Melbourne - South East,Greater Melbourne
21292,Pakenham - South,Cardinia,Melbourne - South East,Greater Melbourne
21293,Berwick - North,Casey - North,Melbourne - South East,Greater Melbourne
21294,Berwick - South,Casey - North,Melbourne - South East,Greater Melbourne
21295,Doveton,Casey - North,Melbourne - South East,Greater Melbourne
21296,Endeavour Hills,Casey - North,Melbourne - South East,Greater Melbourne
21297,Hallam,Casey - North,Melbourne - South East,Greater Melbourne
21298,Narre Warren,Casey - North,Melbourne - South East,Greater Melbourne
21299,Narre Warren North,Casey - North,Melbourne - South East,Greater Melbourne
21300,Cranbourne,Casey - South,Melbourne - South East,Greater Melbourne
21301,Cranbourne East,Casey - South,Melbourne - South East,Greater Melbourne
21302,Cranbourne North,Casey - South,Melbourne - South East,Greater Melbourne
21303,Cranbourne South,Casey - South,Melbourne - South East,Greater Melbourne
21304,Cranbourne West,Casey - South,Melbourne - South East,Greater Melbourne
21305,Hampton Park - Lynbrook,Casey - South,Melbourne - South East,Greater Melbourne
21306,Lynbrook - Lyndhurst,Casey - South,Melbourne - South East,Greater Melbourne
21307,Narre Warren South,Casey - South,Melbourne - South East,Greater Melbourne
21308,Pearcedale - Tooradin,Casey - South,Melbourne - South East,Greater Melbourne
21309,Clarinda - Oakleigh South,Dandenong,Melbourne - South East,Greater Melbourne
21310,Clayton South,Dandenong,Melbourne - South East,Greater Melbourne
21311,Dandenong,Dandenong,Melbourne - South East,Greater Melbourne
21312,Dandenong North,Dandenong,Melbourne - South East,Greater Melbourne
21313,Dingley Village,Dandenong,Melbourne - South East,Greater Melbourne
21314,Keysborough,Dandenong,Melbourne - South East,Greater Melbourne
21315,Noble Park,Dandenong,Melbourne - South East,Greater Melbourne
21316,Noble Park North,Dandenong,Melbourne - South East,Greater Melbourne
21317,Springvale,Dandenong,Melbourne - South East,Greater Melbourne
21318,Springvale South,Dandenong,Melbourne - South East,Greater Melbourne
21319,Ashwood - Chadstone,Monash,Melbourne - South East,Greater Melbourne
21320,Clayton,Monash,Melbourne - South East,Greater Melbourne
21321,Glen Waverley - East,Monash,Melbourne - South East,Greater Melbourne
21322,Glen Waverley - West,Monash,Melbourne - South East,Greater Melbourne
21323,Mount Waverley - North,Monash,Melbourne - South East,Greater Melbourne
21324,Mount Waverley - South,Monash,Melbourne - South East,Greater Melbourne
21325,Mulgrave,Monash,Melbourne - South East,Greater Melbourne
21326,Oakleigh - Huntingdale,Monash,Melbourne - South East,Greater Melbourne
21327,Wheelers Hill,Monash,Melbourne - South East,Greater Melbourne
21328,Ardeer - Albion,Brimbank,Melbourne - West,Greater Melbourne
21329,Cairnlea,Brimbank,Melbourne - West,Greater Melbourne
21330,Deer Park - Derrimut,Brimbank,Melbourne - West,Greater Melbourne
21331,Delahey,Brimbank,Melbourne - West,Greater Melbourne
21332,Keilor Downs,Brimbank,Melbourne - West,Greater Melbourne
21333,Kings Park (Vic.),Brimbank,Melbourne - West,Greater Melbourne
21334,St Albans - North,Brimbank,Melbourne - West,Greater Melbourne
21335,St Albans - South,Brimbank,Melbourne - West,Greater Melbourne
21336,Sunshine,Brimbank,Melbourne - West,Greater Melbourne
21337,Sunshine North,Brimbank,Melbourne - West,Greater Melbourne
21338,Sunshine West,Brimbank,Melbourne - West,Greater Melbourne
21339,Sydenham,Brimbank,Melbourne - West,Greater Melbourne
21340,Taylors Lakes,Brimbank,Melbourne - West,Greater Melbourne
21341,Altona,Hobsons Bay,Melbourne - West,Greater Melbourne
21342,Altona Meadows,Hobsons Bay,Melbourne - West,Greater Melbourne
21343,Altona North,Hobsons Bay,Melbourne - West,Greater Melbourne
21344,Newport,Hobsons Bay,Melbourne - West,Greater Melbourne
21345,Seabrook,Hobsons Bay,Melbourne - West,Greater Melbourne
21346,Williamstown,Hobsons Bay,Melbourne - West,Greater Melbourne
21347,Braybrook,Maribyrnong,Melbourne - West,Greater Melbourne
21348,Footscray,Maribyrnong,Melbourne - West,Greater Melbourne
21349,Maribyrnong,Maribyrnong,Melbourne - West,Greater Melbourne
21350,Seddon - Kingsville,Maribyrnong,Melbourne - West,Greater Melbourne
21351,West Footscray - Tottenham,Maribyrnong,Melbourne - West,Greater Melbourne
21352,Yarraville,Maribyrnong,Melbourne - West,Greater Melbourne
21353,Bacchus Marsh,Melton - Bacchus Marsh,Melbourne - West,Greater Melbourne
21354,Caroline Springs,Melton - Bacchus Marsh,Melbourne - West,Greater Melbourne
21355,Hillside,Melton - Bacchus Marsh,Melbourne - West,Greater Melbourne
21356,Melton,Melton - Bacchus Marsh,Melbourne - West,Greater Melbourne
21357,Melton South,Melton - Bacchus Marsh,Melbourne - West,Greater Melbourne
21358,Melton West,Melton - Bacchus Marsh,Melbourne - West,Greater Melbourne
21359,Rockbank - Mount Cottrell,Melton - Bacchus Marsh,Melbourne - West,Greater Melbourne
21360,Taylors Hill,Melton - Bacchus Marsh,Melbourne - West,Greater Melbourne
21361,Hoppers Crossing - North,Wyndham,Melbourne - West,Greater Melbourne
21362,Hoppers Crossing - South,Wyndham,Melbourne - West,Greater Melbourne
21363,Laverton,Wyndham,Melbourne - West,Greater Melbourne
21364,Point Cook,Wyndham,Melbourne - West,Greater Melbourne
21365,Tarneit,Wyndham,Melbourne - West,Greater Melbourne
21366,Truganina,Wyndham,Melbourne - West,Greater Melbourne
21367,Werribee,Wyndham,Melbourne - West,Greater Melbourne
21368,Werribee - South,Wyndham,Melbourne - West,Greater Melbourne
21369,Wyndham Vale,Wyndham,Melbourne - West,Greater Melbourne
21370,Carrum Downs,Frankston,Mornington Peninsula,Greater Melbourne
21371,Frankston,Frankston,Mornington Peninsula,Greater Melbourne
21372,Frankston North,Frankston,Mornington Peninsula,Greater Melbourne
21373,Frankston South,Frankston,Mornington Peninsula,Greater Melbourne
21374,Langwarrin,Frankston,Mornington Peninsula,Greater Melbourne
21375,Seaford (Vic.),Frankston,Mornington Peninsula,Greater Melbourne
21376,Skye - Sandhurst,Frankston,Mornington Peninsula,Greater Melbourne
21377,Dromana,Mornington Peninsula,Mornington Peninsula,Greater Melbourne
21378,Flinders,Mornington Peninsula,Mornington Peninsula,Greater Melbourne
21379,Hastings - Somers,Mornington Peninsula,Mornington Peninsula,Greater Melbourne
21380,Mornington,Mornington Peninsula,Mornington Peninsula,Greater Melbourne
21381,Mount Eliza,Mornington Peninsula,Mornington Peninsula,Greater Melbourne
21382,Mount Martha,Mornington Peninsula,Mornington Peninsula,Greater Melbourne
21383,Point Nepean,Mornington Peninsula,Mornington Peninsula,Greater Melbourne
21384,Rosebud - McCrae,Mornington Peninsula,Mornington Peninsula,Greater Melbourne
21385,Somerville,Mornington Peninsula,Mornington Peninsula,Greater Melbourne
21386,Ararat,Grampians,North West,Rest of Vic.
21387,Ararat Region,Grampians,North West,Rest of Vic.
21388,Horsham,Grampians,North West,Rest of Vic.
21389,Horsham Region,Grampians,North West,Rest of Vic.
21390,Nhill Region,Grampians,North West,Rest of Vic.
21391,St Arnaud,Grampians,North West,Rest of Vic.
21392,Stawell,Grampians,North West,Rest of Vic.
21393,West Wimmera,Grampians,North West,Rest of Vic.
21394,Yarriambiack,Grampians,North West,Rest of Vic.
21395,Irymple,Mildura,North West,Rest of Vic.
21396,Merbein,Mildura,North West,Rest of Vic.
21397,Mildura,Mildura,North West,Rest of Vic.
21398,Mildura Region,Mildura,North West,Rest of Vic.
21399,Red Cliffs,Mildura,North West,Rest of Vic.
21400,Buloke,Murray River - Swan Hill,North West,Rest of Vic.
21401,Gannawarra,Murray River - Swan Hill,North West,Rest of Vic.
21402,Kerang,Murray River - Swan Hill,North West,Rest of Vic.
21403,Robinvale,Murray River - Swan Hill,North West,Rest of Vic.
21404,Swan Hill,Murray River - Swan Hill,North West,Rest of Vic.
21405,Swan Hill Region,Murray River - Swan Hill,North West,Rest of Vic.
21406,Echuca,Campaspe,Shepparton,Rest of Vic.
21407,Kyabram,Campaspe,Shepparton,Rest of Vic.
21408,Lockington - Gunbower,Campaspe,Shepparton,Rest of Vic.
21409,Rochester,Campaspe,Shepparton,Rest of Vic.
21410,Rushworth,Campaspe,Shepparton,Rest of Vic.
21411,Cobram,Moira,Shepparton,Rest of Vic.
21412,Moira,Moira,Shepparton,Rest of Vic.
21413,Numurkah,Moira,Shepparton,Rest of Vic.
21414,Yarrawonga,Moira,Shepparton,Rest of Vic.
21415,Mooroopna,Shepparton,Shepparton,Rest of Vic.
21416,Shepparton - North,Shepparton,Shepparton,Rest of Vic.
21417,Shepparton - South,Shepparton,Shepparton,Rest of Vic.
21418,Shepparton Region - East,Shepparton,Shepparton,Rest of Vic.
21419,Shepparton Region - West,Shepparton,Shepparton,Rest of Vic.
21420,Glenelg (Vic.),Glenelg - Southern Grampians,Warrnambool and South West,Rest of Vic.
21421,Hamilton (Vic.),Glenelg - Southern Grampians,Warrnambool and South West,Rest of Vic.
21422,Portland,Glenelg - Southern Grampians,Warrnambool and South West,Rest of Vic.
21423,Southern Grampians,Glenelg - Southern Grampians,Warrnambool and South West,Rest of Vic.
21424,Camperdown,Warrnambool - Otway Ranges,Warrnambool and South West,Rest of Vic.
21425,Colac,Warrnambool - Otway Ranges,Warrnambool and South West,Rest of Vic.
21426,Colac Region,Warrnambool - Otway Ranges,Warrnambool and South West,Rest of Vic.
21427,Corangamite - North,Warrnambool - Otway Ranges,Warrnambool and South West,Rest of Vic.
21428,Corangamite - South,Warrnambool - Otway Ranges,Warrnambool and South West,Rest of Vic.
21429,Moyne - East,Warrnambool - Otway Ranges,Warrnambool and South West,Rest of Vic.
21430,Moyne - West,Warrnambool - Otway Ranges,Warrnambool and South West,Rest of Vic.
21431,Otway,Warrnambool - Otway Ranges,Warrnambool and South West,Rest of Vic.
21432,Warrnambool - North,Warrnambool - Otway Ranges,Warrnambool and South West,Rest of Vic.
21433,Warrnambool - South,Warrnambool - Otway Ranges,Warrnambool and South West,Rest of Vic.
29799,Migratory - Offshore - Shipping (Vic.),Migratory - Offshore - Shipping (Vic.),Migratory - Offshore - Shipping (Vic.),Migratory - Offshore - Shipping (Vic.)
29499,No usual address (Vic.),Special Purpose Codes SA3 (Vic.),Special Purpose Codes SA4 (Vic.),No usual address (Vic.)
