filename,title,organisation,coverage,document_date,source_url
Checklist_Flood-resilience-home.pdf,Flood Resilience Home Checklist,Melbourne Water,Victoria,,
City of Melbourne - MEMP Flood and Storm Sub-plan.pdf,City of Melbourne Flood and Storm Sub-Plan,City of Melbourne,City of Melbourne,2025-10,
Factsheet_Flood-modelling.pdf,What Is Flood Modelling,Melbourne Water,Greater Melbourne,,
flood checklist 2023.pdf,Flood Checklist,VICSES,Victoria,2019-05-01,
Flood-Management-Strategy_2021-31.pdf,Flood Management Strategy 2021-2031,Melbourne Water,Port Phillip and Westernport,2021,
Flood-Management-Strategy_2021-31_Action-Plan_2021-26.pdf,Flood Management Strategy Action Plan 2021-2026,Melbourne Water,Port Phillip and Westernport,2021,
Kensington  North and West Melbourne Local Flood Guide.pdf,Kensington North and West Melbourne Local Flood Guide,VICSES,Kensington North Melbourne and West Melbourne,2026-06,
Melbourne CBD Local Flood Guide LFG.pdf,Melbourne CBD Local Flood Guide,VICSES,Melbourne CBD,2021-07-01,
Southbank Local Flood Guide LFG.pdf,Southbank Local Flood Guide,VICSES,Southbank,2021-07-01,
VICSES emergency preparedness booklet for flood and storm.pdf,Flood and Storm Emergency Preparedness Booklet,VICSES,Victoria,,
